<root>
  <facet id="jpt.jaxb">
    <node name="classgen">
      <attribute name="package" value=""/>
    </node>
    <node name="libprov">
      <attribute name="provider-id" value="jaxb-jre-library-provider"/>
    </node>
    <node name="platform">
      <attribute name="platform-id" value="generic_2_2"/>
    </node>
    <node name="schemas">
      <node name="schema-1">
        <attribute name="location" value="platform:/resource/BGU-REIT/src/a/Assets.xsd"/>
      </node>
      <node name="schema-2">
        <attribute name="location" value="platform:/resource/BGU-REIT/src/driver/AssetContentsRepairDetails.xsd"/>
      </node>
      <node name="schema-3">
        <attribute name="location" value="platform:/resource/BGU-REIT/src/driver/Assets.xsd"/>
      </node>
      <node name="schema-4">
        <attribute name="location" value="platform:/resource/BGU-REIT/src/driver/CustomersGroups.xsd"/>
      </node>
      <node name="schema-5">
        <attribute name="location" value="platform:/resource/BGU-REIT/src/driver/InitialData.xsd"/>
      </node>
      <node name="schema-6">
        <attribute name="location" value="platform:/resource/BGU-REIT/InitialData.xsd"/>
      </node>
    </node>
  </facet>
</root>
