<?xml version="1.0" encoding="utf-8"?>
<CustomersGroups 
	xmlns:xsi="http://www.w3.org/2001/XMLSchema-instance">
	<CustomerGroups>
		<CustomerGroupDetails>
			<GroupManagerName>Andrei</GroupManagerName>
			<Customers>
				<Customer>
					<Name>Andrei</Name>
					<Vandalism>Arbitrary</Vandalism>
					<MinimumDamage>0</MinimumDamage>
					<MaximumDamage>5</MaximumDamage>
				</Customer>
				<Customer>
					<Name>Ran</Name>
					<Vandalism>Fixed</Vandalism>
					<MinimumDamage>10</MinimumDamage>
					<MaximumDamage>20</MaximumDamage>
				</Customer>
				<Customer>
					<Name>Majeed</Name>
					<Vandalism>None</Vandalism>
					<MinimumDamage>0</MinimumDamage>
					<MaximumDamage>0</MaximumDamage>
				</Customer>
				<Customer>
					<Name>Boaz</Name>
					<Vandalism>Arbitrary</Vandalism>
					<MinimumDamage>10</MinimumDamage>
					<MaximumDamage>15</MaximumDamage>					
				</Customer>
			</Customers>
			<RentalRequests>
				<Request id="1">
					<Type>Apartment</Type>
					<Size>4</Size>
					<Duration>5</Duration>
				</Request>
				<Request id="2">
					<Type>Loft</Type>
					<Size>4</Size>
					<Duration>3</Duration>
				</Request>
				<Request id="3">
					<Type>Cottage</Type>
					<Size>4</Size>
					<Duration>5</Duration>
				</Request>
				<Request id="4">
					<Type>Villa</Type>
					<Size>4</Size>
					<Duration>5</Duration>
				</Request>
			</RentalRequests>
		</CustomerGroupDetails>
		<CustomerGroupDetails>
			<GroupManagerName>Meni</GroupManagerName>
			<Customers>
				<Customer>
					<Name>Meni</Name>
					<Vandalism>Fixed</Vandalism>
					<MinimumDamage>5</MinimumDamage>
					<MaximumDamage>10</MaximumDamage>
				</Customer>
				<Customer>
					<Name>Tal</Name>
					<Vandalism>Fixed</Vandalism>
					<MinimumDamage>5</MinimumDamage>
					<MaximumDamage>10</MaximumDamage>
				</Customer>
				<Customer>
					<Name>Matan</Name>
					<Vandalism>None</Vandalism>
					<MinimumDamage>2</MinimumDamage>
					<MaximumDamage>8</MaximumDamage>
				</Customer>
				<Customer>
					<Name>Adiel</Name>
					<Vandalism>Arbitrary</Vandalism>
					<MinimumDamage>5</MinimumDamage>
					<MaximumDamage>10</MaximumDamage>
				</Customer>
			</Customers>
			<RentalRequests>
				<Request id="5">
					<Type>Hut</Type>
					<Size>4</Size>
					<Duration>5</Duration>
				</Request>
				<Request id="6">
					<Type>Apartment</Type>
					<Size>4</Size>
					<Duration>10</Duration>
				</Request>
				<Request id="7">
					<Type>Apartment</Type>
					<Size>4</Size>
					<Duration>6</Duration>
				</Request>
			</RentalRequests>
		</CustomerGroupDetails>
	</CustomerGroups>
</CustomersGroups>